Workbook

Sheet Payment_Survey_Analysis
A2: Respondent_ID | B2: age | C2: gender | D2: location | E2: income_level | F2: tech_proficiency | G2: employment_status | H2: experience_id | I2: respondent_id | J2: received_money_abroad | K2: primary_payment_method | L2: avg_transaction_time_hours | M2: monthly_transaction_frequency | N2: avg_amount_received_naira | O2: satisfaction_rating | Q2: pain_id | R2: respondent_id | S2: high_fees | T2: transaction_delays | U2: poor_customer_support | V2: complicated_interface | W2: security_concerns | X2: limited_payment_options | Y2: currency_conversion_issues | AB2: preference_id | AC2: respondent_id | AD2: instant_cashout_priority | AE2: low_fees_priority | AF2: easy_international_priority | AG2: budget_tracking_priority | AH2: dual_wallet_priority | AI2: referral_rewards_priority | AJ2: security_features_priority | AK2: customer_support_priority | AL2: willing_to_try_new_app | AM2: prefers_mobile_app | AN2: interested_in_beta_testing
A3: 1 | B3: 18 | C3: male | D3: abuja | E3: below-100k | F3: Beginner | G3: student | H3: 1 | I3: NULL | J3: 1 | K3: Bank Transfer | L3: 55 | M3: 20 | N3: 50000 | O3: 1 | Q3: 1 | R3: 1 | S3: 1 | T3: 1 | U3: 1 | V3: 1 | W3: 1 | X3: 1 | Y3: 1 | AB3: 1 | AC3: NULL | AD3: 1 | AE3: 2 | AF3: 3 | AG3: 4 | AH3: 5 | AI3: 6 | AJ3: 7 | AK3: 8 | AL3: 1 | AM3: 0 | AN3: 1
A4: 2 | B4: 20 | C4: female | D4: Lagos | E4: 100k-300k | F4: Intermediate | G4: Employed | H4: 2 | I4: NULL | J4: 1 | K4: Western Union | L4: 180 | M4: 6 | N4: 5000 | O4: 8 | Q4: 2 | R4: 2 | S4: 0 | T4: 1 | U4: 0 | V4: 1 | W4: 1 | X4: 0 | Y4: 0 | AB4: 2 | AC4: NULL | AD4: 2 | AE4: 1 | AF4: 2 | AG4: 6 | AH4: 1 | AI4: 7 | AJ4: 7 | AK4: 7 | AL4: 1 | AM4: 1 | AN4: 1
A5: 3 | B5: 40 | C5: female | D5: Kano | E5: 300k-500k | F5: Advanced | G5: 'Self-employed | H5: 3 | I5: NULL | J5: 0 | K5: MoneyGram | L5: 111 | M5: 10 | N5: 10000 | O5: 7 | Q5: 3 | R5: 3 | S5: 0 | T5: 1 | U5: 0 | V5: 1 | W5: 0 | X5: 1 | Y5: 1 | AB5: 3 | AC5: NULL | AD5: 8 | AE5: 2 | AF5: 5 | AG5: 2 | AH5: 8 | AI5: 4 | AJ5: 7 | AK5: 6 | AL5: 1 | AM5: 0 | AN5: 0
A6: 4 | B6: 24 | C6: female | D6: abuja | E6: 300k-500k | F6: Advanced | G6: Employed | H6: 4 | I6: NULL | J6: 1 | K6: Bank Transfer | L6: 55 | M6: 10 | N6: 500000 | O6: 9 | Q6: 4 | R6: 4 | S6: 0 | T6: 0 | U6: 1 | V6: 0 | W6: 1 | X6: 1 | Y6: 0 | AB6: 4 | AC6: NULL | AD6: 2 | AE6: 2 | AF6: 6 | AG6: 4 | AH6: 5 | AI6: 6 | AJ6: 5 | AK6: 8 | AL6: 0 | AM6: 0 | AN6: 1
A7: 5 | B7: 35 | C7: female | D7: Lagos | E7: 100k-300k | F7: Intermediate | G7: Employed | H7: 5 | I7: NULL | J7: 0 | K7: Wise | L7: 515 | M7: 12 | N7: 60000 | O7: 4 | Q7: 5 | R7: 5 | S7: 1 | T7: 1 | U7: 0 | V7: 1 | W7: 1 | X7: 1 | Y7: 1 | AB7: 5 | AC7: NULL | AD7: 7 | AE7: 2 | AF7: 3 | AG7: 4 | AH7: 5 | AI7: 8 | AJ7: 2 | AK7: 4 | AL7: 0 | AM7: 1 | AN7: 1
A8: 6 | B8: 50 | C8: female | D8: abuja | E8: 100k-300k | F8: Intermediate | G8: Employed | H8: 6 | I8: NULL | J8: 1 | K8: Remitly | L8: 155 | M8: 20 | N8: 90000 | O8: 6 | Q8: 6 | R8: 6 | S8: 0 | T8: 1 | U8: 0 | V8: 1 | W8: 1 | X8: 0 | Y8: 0 | AB8: 6 | AC8: NULL | AD8: 1 | AE8: 2 | AF8: 2 | AG8: 7 | AH8: 5 | AI8: 4 | AJ8: 6 | AK8: 7 | AL8: 0 | AM8: 0 | AN8: 0
A9: 7 | B9: 60 | C9: male | D9: portharcourt | E9: below_300k | F9: Beginne | G9: Student | H9: 7 | I9: NULL | J9: 0 | K9: Crypto | L9: 552 | M9: 20 | N9: 10000 | O9: 10 | Q9: 7 | R9: 7 | S9: 0 | T9: 1 | U9: 0 | V9: 1 | W9: 1 | X9: 0 | Y9: 1 | AB9: 7 | AC9: NULL | AD9: 6 | AE9: 2 | AF9: 3 | AG9: 7 | AH9: 5 | AI9: 6 | AJ9: 7 | AK9: 4 | AL9: 1 | AM9: 1 | AN9: 1
A10: 8 | B10: 25 | C10: male | D10: Lagos | E10: 100k-300k | F10: Intermediate | G10: Employed | H10: 8 | I10: NULL | J10: 1 | K10: Mobile Money | L10: 655 | M10: 3 | N10: 7000 | O10: 2 | Q10: 8 | R10: 8 | S10: 0 | T10: 0 | U10: 1 | V10: 1 | W10: 0 | X10: 0 | Y10: 0 | AB10: 8 | AC10: NULL | AD10: 1 | AE10: 2 | AF10: 7 | AG10: 5 | AH10: 5 | AI10: 6 | AJ10: 7 | AK10: 6 | AL10: 1 | AM10: 0 | AN10: 0
A11: 9 | B11: 19 | C11: male | D11: kano | E11: below-100k | F11: Beginner | G11: student | H11: 9 | I11: NULL | J11: 1 | K11: Bank Transfer | L11: 65 | M11: 17 | N11: 8000 | O11: 7 | Q11: 9 | R11: 9 | S11: 1 | T11: 0 | U11: 0 | V11: 1 | W11: 0 | X11: 0 | Y11: 1 | AB11: 9 | AC11: NULL | AD11: 8 | AE11: 8 | AF11: 3 | AG11: 4 | AH11: 5 | AI11: 7 | AJ11: 7 | AK11: 8 | AL11: 0 | AM11: 0 | AN11: 0
A12: 10 | B12: 34 | C12: female | D12: lagoes | E12: above-500k | F12: Advanced | G12: self-Employed | H12: 10 | I12: NULL | J12: 0 | K12: Remitly | L12: 545 | M12: 12 | N12: 90000 | O12: 1 | Q12: 10 | R12: 10 | S12: 0 | T12: 1 | U12: 0 | V12: 1 | W12: 0 | X12: 0 | Y12: 0 | AB12: 10 | AC12: NULL | AD12: 1 | AE12: 2 | AF12: 3 | AG12: 4 | AH12: 5 | AI12: 6 | AJ12: 7 | AK12: 8 | AL12: 1 | AM12: 0 | AN12: 1
A13: 11 | B13: 54 | C13: male | D13: abuja | E13: below-100k | F13: Beginner | G13: student | H13: 11 | I13: NULL | J13: 0 | K13: Crypto | L13: 88 | M13: 20 | N13: 40000 | O13: 4 | Q13: 11 | R13: 11 | S13: 1 | T13: 1 | U13: 1 | V13: 1 | W13: 1 | X13: 1 | Y13: 1 | AB13: 11 | AC13: NULL | AD13: 1 | AE13: 2 | AF13: 3 | AG13: 4 | AH13: 5 | AI13: 6 | AJ13: 7 | AK13: 8 | AL13: 1 | AM13: 0 | AN13: 1
A14: 12 | B14: 20 | C14: female | D14: Lagos | E14: 100k-300k | F14: Intermediate | G14: Employed | H14: 12 | I14: NULL | J14: 1 | K14: Mobile Money | L14: 115 | M14: 20 | N14: 500000 | O14: 1 | Q14: 12 | R14: 12 | S14: 1 | T14: 0 | U14: 1 | V14: 0 | W14: 0 | X14: 1 | Y14: 0 | AB14: 12 | AC14: NULL | AD14: 4 | AE14: 2 | AF14: 5 | AG14: 4 | AH14: 5 | AI14: 8 | AJ14: 7 | AK14: 8 | AL14: 1 | AM14: 0 | AN14: 1
... A20: 18 | B20: 22 | C20: male | D20: kano | E20: 100k-300k | F20: bignner | G20: student | H20: 18 | I20: NULL | J20: 1 | K20: Remitly | L20: 155 | M20: 10 | N20: 90000 | O20: 7 | Q20: 18 | R20: 18 | S20: 0 | T20: 1 | U20: 0 | V20: 0 | W20: 1 | X20: 0 | Y20: 0 | AB20: 18 | AC20: NULL | AD20: 1 | AE20: 2 | AF20: 8 | AG20: 4 | AH20: 5 | AI20: 3 | AJ20: 7 | AK20: 6 | AL20: 0 | AM20: 0 | AN20: 1

Sheet Clean_data
A2: Respondent_ID | B2: age | C2: gender | D2: location | E2: income_level | F2: tech_proficiency | G2: employment_status | H2: received_money_abroad | I2: primary_payment_method | J2: avg_transaction_time_hours | K2: monthly_transaction_frequency | L2: avg_amount_received_naira | M2: satisfaction_rating | N2: high_fees | O2: transaction_delays | P2: poor_customer_support | Q2: complicated_interface | R2: security_concerns | S2: limited_payment_options | T2: currency_conversion_issues | U2: instant_cashout_priority | V2: low_fees_priority | W2: easy_international_priority | X2: budget_tracking_priority | Y2: dual_wallet_priority | Z2: referral_rewards_priority | AA2: security_features_priority | AB2: customer_support_priority | AC2: willing_to_try_new_app | AD2: prefers_mobile_app | AE2: interested_in_beta_testing
A3: 1 | B3: 18 | C3: male | D3: abuja | E3: below-100k | F3: Beginner | G3: student | H3: 1 | I3: Bank Transfer | J3: 55 | K3: 20 | L3: 50000 | M3: 1 | N3: 1 | O3: 1 | P3: 1 | Q3: 1 | R3: 1 | S3: 1 | T3: 1 | U3: 1 | V3: 2 | W3: 3 | X3: 4 | Y3: 5 | Z3: 6 | AA3: 7 | AB3: 8 | AC3: 1 | AD3: 0 | AE3: 1
A4: 2 | B4: 20 | C4: female | D4: Lagos | E4: 100k-300k | F4: Intermediate | G4: Employed | H4: 1 | I4: Western Union | J4: 180 | K4: 6 | L4: 5000 | M4: 8 | N4: 0 | O4: 1 | P4: 0 | Q4: 1 | R4: 1 | S4: 0 | T4: 0 | U4: 2 | V4: 1 | W4: 2 | X4: 6 | Y4: 1 | Z4: 7 | AA4: 7 | AB4: 7 | AC4: 1 | AD4: 1 | AE4: 1
A5: 3 | B5: 40 | C5: female | D5: Kano | E5: 300k-500k | F5: Advanced | G5: Self-employed | H5: 0 | I5: MoneyGram | J5: 111 | K5: 10 | L5: 10000 | M5: 7 | N5: 0 | O5: 1 | P5: 0 | Q5: 1 | R5: 0 | S5: 1 | T5: 1 | U5: 8 | V5: 2 | W5: 5 | X5: 2 | Y5: 8 | Z5: 4 | AA5: 7 | AB5: 6 | AC5: 1 | AD5: 0 | AE5: 0
A6: 4 | B6: 24 | C6: female | D6: abuja | E6: 300k-500k | F6: Advanced | G6: Employed | H6: 1 | I6: Bank Transfer | J6: 55 | K6: 10 | L6: 500000 | M6: 9 | N6: 0 | O6: 0 | P6: 1 | Q6: 0 | R6: 1 | S6: 1 | T6: 0 | U6: 2 | V6: 2 | W6: 6 | X6: 4 | Y6: 5 | Z6: 6 | AA6: 5 | AB6: 8 | AC6: 0 | AD6: 0 | AE6: 1
A7: 5 | B7: 35 | C7: female | D7: Lagos | E7: 100k-300k | F7: Intermediate | G7: Employed | H7: 0 | I7: Wise | J7: 515 | K7: 12 | L7: 60000 | M7: 4 | N7: 1 | O7: 1 | P7: 0 | Q7: 1 | R7: 1 | S7: 1 | T7: 1 | U7: 7 | V7: 2 | W7: 3 | X7: 4 | Y7: 5 | Z7: 8 | AA7: 2 | AB7: 4 | AC7: 0 | AD7: 1 | AE7: 1
A8: 6 | B8: 50 | C8: female | D8: abuja | E8: 100k-300k | F8: Intermediate | G8: Employed | H8: 1 | I8: Remitly | J8: 155 | K8: 20 | L8: 90000 | M8: 6 | N8: 0 | O8: 1 | P8: 0 | Q8: 1 | R8: 1 | S8: 0 | T8: 0 | U8: 1 | V8: 2 | W8: 2 | X8: 7 | Y8: 5 | Z8: 4 | AA8: 6 | AB8: 7 | AC8: 0 | AD8: 0 | AE8: 0
A9: 7 | B9: 60 | C9: male | D9: portharcourt | E9: below_300k | F9: Beginner | G9: Student | H9: 0 | I9: Crypto | J9: 552 | K9: 20 | L9: 10000 | M9: 10 | N9: 0 | O9: 1 | P9: 0 | Q9: 1 | R9: 1 | S9: 0 | T9: 1 | U9: 6 | V9: 2 | W9: 3 | X9: 7 | Y9: 5 | Z9: 6 | AA9: 7 | AB9: 4 | AC9: 1 | AD9: 1 | AE9: 1
A10: 8 | B10: 25 | C10: male | D10: Lagos | E10: 100k-300k | F10: Intermediate | G10: Employed | H10: 1 | I10: Mobile Money | J10: 655 | K10: 3 | L10: 7000 | M10: 2 | N10: 0 | O10: 0 | P10: 1 | Q10: 1 | R10: 0 | S10: 0 | T10: 0 | U10: 1 | V10: 2 | W10: 7 | X10: 5 | Y10: 5 | Z10: 6 | AA10: 7 | AB10: 6 | AC10: 1 | AD10: 0 | AE10: 0
A11: 9 | B11: 19 | C11: male | D11: kano | E11: below-100k | F11: Beginner | G11: student | H11: 1 | I11: Bank Transfer | J11: 65 | K11: 17 | L11: 8000 | M11: 7 | N11: 1 | O11: 0 | P11: 0 | Q11: 1 | R11: 0 | S11: 0 | T11: 1 | U11: 8 | V11: 8 | W11: 3 | X11: 4 | Y11: 5 | Z11: 7 | AA11: 7 | AB11: 8 | AC11: 0 | AD11: 0 | AE11: 0
A12: 10 | B12: 34 | C12: female | D12: lagos | E12: above-500k | F12: Advanced | G12: self-Employed | H12: 0 | I12: Remitly | J12: 545 | K12: 12 | L12: 90000 | M12: 1 | N12: 0 | O12: 1 | P12: 0 | Q12: 1 | R12: 0 | S12: 0 | T12: 0 | U12: 1 | V12: 2 | W12: 3 | X12: 4 | Y12: 5 | Z12: 6 | AA12: 7 | AB12: 8 | AC12: 1 | AD12: 0 | AE12: 1
A13: 11 | B13: 54 | C13: male | D13: abuja | E13: below-100k | F13: Beginner | G13: student | H13: 0 | I13: Crypto | J13: 88 | K13: 20 | L13: 40000 | M13: 4 | N13: 1 | O13: 1 | P13: 1 | Q13: 1 | R13: 1 | S13: 1 | T13: 1 | U13: 1 | V13: 2 | W13: 3 | X13: 4 | Y13: 5 | Z13: 6 | AA13: 7 | AB13: 8 | AC13: 1 | AD13: 0 | AE13: 1
A14: 12 | B14: 20 | C14: female | D14: Lagos | E14: 100k-300k | F14: Intermediate | G14: Employed | H14: 1 | I14: Mobile Money | J14: 115 | K14: 20 | L14: 500000 | M14: 1 | N14: 1 | O14: 0 | P14: 1 | Q14: 0 | R14: 0 | S14: 1 | T14: 0 | U14: 4 | V14: 2 | W14: 5 | X14: 4 | Y14: 5 | Z14: 8 | AA14: 7 | AB14: 8 | AC14: 1 | AD14: 0 | AE14: 1
... A22: 20 | B22: 24 | C22: female | D22: lagos | E22: 100k-300k | F22: intermident | G22: self-Employed | H22: 1 | I22: Mobile Money | J22: 656 | K22: 4 | L22: 8000 | M22: 3 | N22: 0 | O22: 1 | P22: 1 | Q22: 0 | R22: 1 | S22: 0 | T22: 0 | U22: 5 | V22: 2 | W22: 7 | X22: 4 | Y22: 5 | Z22: 7 | AA22: 7 | AB22: 8 | AC22: 1 | AD22: 1 | AE22: 1

Sheet Calculation
A1: AGE GROUP | B1: SATISFACTION RATING | C1: TRUST SCORE | D1: PROBLEM COUNT PER RESPONDENT | E1: instant_cashout_priority | F1: low_fees_priority | G1: easy_international_priority | H1: budget_tracking_priority | I1: dual_wallet_priority | J1: referral_rewards_priority | K1: security_features_priority
A2: =IF(Clean_data!B3<=30,"YOUTH","ADULT") -> YOUTH | B2: =IF(Clean_data!M3<=4,"Not Satisfield",IF(Clean_data!M3<=7,"Satisfield","very Satisfield")) -> Not Satisfield | C2: =SUM(Clean_data!AC3:AE3) -> 2 | D2: =SUM(Clean_data!N3:T3) -> 7 | E2: 1 | F2: 2 | G2: 3 | H2: 4 | I2: 5 | J2: 6 | K2: 7
A3: =IF(Clean_data!B4<=30,"YOUTH","ADULT") -> YOUTH | B3: =IF(Clean_data!M4<=4,"Not Satisfield",IF(Clean_data!M4<=7,"Satisfield","very Satisfield")) -> very Satisfield | C3: =SUM(Clean_data!AC4:AE4) -> 3 | D3: =SUM(Clean_data!N4:T4) -> 3 | E3: 2 | F3: 1 | G3: 2 | H3: 6 | I3: 1 | J3: 7 | K3: 7
A4: =IF(Clean_data!B5<=30,"YOUTH","ADULT") -> ADULT | B4: =IF(Clean_data!M5<=4,"Not Satisfield",IF(Clean_data!M5<=7,"Satisfield","very Satisfield")) -> Satisfield | C4: =SUM(Clean_data!AC5:AE5) -> 1 | D4: =SUM(Clean_data!N5:T5) -> 4 | E4: 8 | F4: 2 | G4: 5 | H4: 2 | I4: 8 | J4: 4 | K4: 7
A5: =IF(Clean_data!B6<=30,"YOUTH","ADULT") -> YOUTH | B5: =IF(Clean_data!M6<=4,"Not Satisfield",IF(Clean_data!M6<=7,"Satisfield","very Satisfield")) -> very Satisfield | C5: =SUM(Clean_data!AC6:AE6) -> 1 | D5: =SUM(Clean_data!N6:T6) -> 3 | E5: 2 | F5: 2 | G5: 6 | H5: 4 | I5: 5 | J5: 6 | K5: 5
A6: =IF(Clean_data!B7<=30,"YOUTH","ADULT") -> ADULT | B6: =IF(Clean_data!M7<=4,"Not Satisfield",IF(Clean_data!M7<=7,"Satisfield","very Satisfield")) -> Not Satisfield | C6: =SUM(Clean_data!AC7:AE7) -> 2 | D6: =SUM(Clean_data!N7:T7) -> 6 | E6: 7 | F6: 2 | G6: 3 | H6: 4 | I6: 5 | J6: 8 | K6: 2
A7: =IF(Clean_data!B8<=30,"YOUTH","ADULT") -> ADULT | B7: =IF(Clean_data!M8<=4,"Not Satisfield",IF(Clean_data!M8<=7,"Satisfield","very Satisfield")) -> Satisfield | C7: =SUM(Clean_data!AC8:AE8) -> 0 | D7: =SUM(Clean_data!N8:T8) -> 3 | E7: 1 | F7: 2 | G7: 2 | H7: 7 | I7: 5 | J7: 4 | K7: 6
A8: =IF(Clean_data!B9<=30,"YOUTH","ADULT") -> ADULT | B8: =IF(Clean_data!M9<=4,"Not Satisfield",IF(Clean_data!M9<=7,"Satisfield","very Satisfield")) -> very Satisfield | C8: =SUM(Clean_data!AC9:AE9) -> 3 | D8: =SUM(Clean_data!N9:T9) -> 4 | E8: 6 | F8: 2 | G8: 3 | H8: 7 | I8: 5 | J8: 6 | K8: 7
A9: =IF(Clean_data!B10<=30,"YOUTH","ADULT") -> YOUTH | B9: =IF(Clean_data!M10<=4,"Not Satisfield",IF(Clean_data!M10<=7,"Satisfield","very Satisfield")) -> Not Satisfield | C9: =SUM(Clean_data!AC10:AE10) -> 1 | D9: =SUM(Clean_data!N10:T10) -> 2 | E9: 1 | F9: 2 | G9: 7 | H9: 5 | I9: 5 | J9: 6 | K9: 7
A10: =IF(Clean_data!B11<=30,"YOUTH","ADULT") -> YOUTH | B10: =IF(Clean_data!M11<=4,"Not Satisfield",IF(Clean_data!M11<=7,"Satisfield","very Satisfield")) -> Satisfield | C10: =SUM(Clean_data!AC11:AE11) -> 0 | D10: =SUM(Clean_data!N11:T11) -> 3 | E10: 8 | F10: 8 | G10: 3 | H10: 4 | I10: 5 | J10: 7 | K10: 7
A11: =IF(Clean_data!B12<=30,"YOUTH","ADULT") -> ADULT | B11: =IF(Clean_data!M12<=4,"Not Satisfield",IF(Clean_data!M12<=7,"Satisfield","very Satisfield")) -> Not Satisfield | C11: =SUM(Clean_data!AC12:AE12) -> 2 | D11: =SUM(Clean_data!N12:T12) -> 2 | E11: 1 | F11: 2 | G11: 3 | H11: 4 | I11: 5 | J11: 6 | K11: 7
A12: =IF(Clean_data!B13<=30,"YOUTH","ADULT") -> ADULT | B12: =IF(Clean_data!M13<=4,"Not Satisfield",IF(Clean_data!M13<=7,"Satisfield","very Satisfield")) -> Not Satisfield | C12: =SUM(Clean_data!AC13:AE13) -> 2 | D12: =SUM(Clean_data!N13:T13) -> 7 | E12: 1 | F12: 2 | G12: 3 | H12: 4 | I12: 5 | J12: 6 | K12: 7
A13: =IF(Clean_data!B14<=30,"YOUTH","ADULT") -> YOUTH | B13: =IF(Clean_data!M14<=4,"Not Satisfield",IF(Clean_data!M14<=7,"Satisfield","very Satisfield")) -> Not Satisfield | C13: =SUM(Clean_data!AC14:AE14) -> 2 | D13: =SUM(Clean_data!N14:T14) -> 3 | E13: 4 | F13: 2 | G13: 5 | H13: 4 | I13: 5 | J13: 8 | K13: 7
... A21: =IF(Clean_data!B22<=30,"YOUTH","ADULT") -> YOUTH | B21: =IF(Clean_data!M22<=4,"Not Satisfield",IF(Clean_data!M22<=7,"Satisfield","very Satisfield")) -> Not Satisfield | C21: =SUM(Clean_data!AC22:AE22) -> 3 | D21: =SUM(Clean_data!N22:T22) -> 3 | E21: 5 | F21: 2 | G21: 7 | H21: 4 | I21: 5 | J21: 7 | K21: 7

Sheet Analysis
A3: Row Labels | B3: Sum of instant_cashout_priority | C3: Sum of budget_tracking_priority | D3: Sum of low_fees_priority | E3: Sum of dual_wallet_priority | F3: Sum of referral_rewards_priority | G3: Sum of security_features_priority | H3: Sum of easy_international_priority
A4: ADULT | B4: 36 | C4: 45 | D4: 27 | E4: 53 | F4: 59 | G4: 64 | H4: 29
A5: YOUTH | B5: 31 | C5: 46 | D5: 24 | E5: 46 | F5: 62 | G5: 68 | H5: 49
A6: Grand Total | B6: 67 | C6: 91 | D6: 51 | E6: 99 | F6: 121 | G6: 132 | H6: 78
A10: Row Labels | B10: Count of satisfaction_rating
A11: Bank Transfer | B11: 5
A12: Crypto | B12: 3
A13: Mobile Money | B13: 3
A14: MoneyGram | B14: 2
A15: Remitly | B15: 3
A16: Western Union | B16: 2
A17: Wise | B17: 2
A18: Grand Total | B18: 20
